,Company Name,Skills,More_Info
6,47BillionInformationTechnologiesPvtLtd,"algorithms,python,machinelearning,java,datastructures",https://www.timesjobs.com/job-detail/machine-learning-47billion-information-technologies-pvt-ltd-indore-0-to-3-yrs-jobid-r__PLUS__001Miv6qtzpSvf__PLUS__uAgZw==&source=srp
8,APPLYCUPHIRINGSOLUTIONSLLP,"imageprocessing,algorithms,python,c,c,naturallanguageprocessing,machinelearning,opencv",https://www.timesjobs.com/job-detail/machine-learning-applycup-hiring-solutions-llp-ahmedabad-1-to-2-yrs-jobid-KTmx2llEovxzpSvf__PLUS__uAgZw==&source=srp
9,HARMANINTERNATIONAL,"algorithms,python,teamplayer,machinelearning,artificialintelligence,docker,artificialneuralnetworks",https://www.timesjobs.com/job-detail/machine-learning-harman-international-bengaluru-bangalore-3-to-6-yrs-jobid-PH62h3__SLASH__aUYBzpSvf__PLUS__uAgZw==&source=srp
10,cornerstonesolutions,"algorithms,bi,imageprocessing,python,naturallanguageprocessing,machinelearning,opencv",https://www.timesjobs.com/job-detail/machine-learning-corner-stone-solutions-indore-bengaluru-bangalore-3-to-6-yrs-jobid-qoLtFQKnjZRzpSvf__PLUS__uAgZw==&source=srp
11,"MaxgenTechnologies
(MoreJobs)","machinelearning,datascience",https://www.timesjobs.com/job-detail/machine-learning-internship-maxgen-technologies-mumbai-dombivali-kalyan-navi-mumbai-thane-0-to-1-yrs-jobid-DCyjN9oUPDFzpSvf__PLUS__uAgZw==&source=srp
12,"MaxgenTechnologies
(MoreJobs)","machinelearning,collegeProject",https://www.timesjobs.com/job-detail/machine-learning-internship-maxgen-technologies-ahmedabad-anand-gandhinagar-mehsana-rajkot-0-to-1-yrs-jobid-ok4sSjDGYklzpSvf__PLUS__uAgZw==&source=srp
13,"MaxgenTechnologies
(MoreJobs)","machinelearning,datascinece",https://www.timesjobs.com/job-detail/machine-learning-internship-maxgen-technologies-ahmedabad-anand-gandhinagar-mehsana-rajkot-0-to-1-yrs-jobid-EC__PLUS__gfWmhZ75zpSvf__PLUS__uAgZw==&source=srp
16,"MaxgenTechnologies
(MoreJobs)","Machine,MachineLearner,MachineLearning",https://www.timesjobs.com/job-detail/machine-learning-internship-maxgen-technologies-pune-jalgaon-kolhapur-nagpur-solapur-0-to-1-yrs-jobid-0v__SLASH__kj__PLUS__I7VSVzpSvf__PLUS__uAgZw==&source=srp
20,"BusibudSolutionsPvt.Ltd
(MoreJobs)","MachineLearning,CommunicationSkills",https://www.timesjobs.com/job-detail/machine-learning-nlp-expert-busibud-solutions-pvt-ltd-chandigarh-2-to-4-yrs-jobid-aBrWQtNSuJ1zpSvf__PLUS__uAgZw==&source=srp
21,"BusibudSolutionsPvt.Ltd
(MoreJobs)","NLP,MachineLearning,Python",https://www.timesjobs.com/job-detail/machine-learning-nlp-expert-busibud-solutions-pvt-ltd-chandigarh-2-to-4-yrs-jobid-U9ZQUPIQxshzpSvf__PLUS__uAgZw==&source=srp
23,"MaxgenTechnologies
(MoreJobs)",.,https://www.timesjobs.com/job-detail/machine-learning-internship-in-mumbai-maxgen-technologies-mumbai-dombivali-kalyan-navi-mumbai-thane-0-to-1-yrs-jobid-wg15PXud6aBzpSvf__PLUS__uAgZw==&source=srp
